ticker,sector,tier,signalLevel,signalQuality,signalDate,weeksActive,ao,ac,acColor,hrHistorical,avgRetHistorical,maxDdHistorical,aoLagHistorical,nearLows,ranging,pricePercentile
PLTR,XLK,2,S2D,degraded,2026-05-22,0,-21.8464,0.1566,green,,,,,false,false,64
CLX,XLP,2,S1,n/a,2026-05-22,0,-14.1890,-2.5386,green,,,,,true,false,11
ABT,XLV,2,S1,n/a,2026-05-22,0,-25.4485,-2.9318,green,,,,,true,false,6
BSX,XLV,2,S1,n/a,2026-05-22,0,-25.2806,-0.5885,green,,,,,true,false,9
MOS,XLB,2,S1,n/a,2026-05-22,0,-3.5379,-0.4363,green,,,,,true,false,7
TMUS,XLC,2,S1,n/a,2026-05-22,0,-13.2489,-0.2875,green,,,,,true,false,22
LMT,XLI,1,S1,n/a,2026-05-22,0,-25.2311,-31.3202,green,66.7,5.2,-3.8,10.5,false,false,47
NOC,XLI,2,S1,n/a,2026-05-22,0,-56.9836,-39.8644,green,,,,,false,false,42
RTX,XLI,2,S1,n/a,2026-05-22,0,-11.6394,-6.8782,green,,,,,false,false,72
HSY,XLP,2,S1,n/a,2026-05-22,0,-6.8547,-3.3846,green,,,,,false,false,57
BKNG,XLY,2,S1,n/a,2026-05-22,0,-3742.6234,-173.2717,green,,,,,false,false,31
IBM,XLK,2,S1,n/a,2026-05-22,0,-42.5296,-2.3569,green,,,,,false,false,65
T,XLC,2,S1,n/a,2026-05-22,0,-0.6335,-0.6151,green,,,,,false,false,72
PG,XLP,1,none,n/a,,0,-2.9216,0.4637,red,65.4,3.1,-3.2,13.8,true,true,14
CTAS,XLI,2,none,n/a,,0,-14.3543,-0.5319,red,,,,,true,false,13
GIS,XLP,2,none,n/a,,0,-8.4030,0.3217,green,,,,,true,false,2
HRL,XLP,2,none,n/a,,0,-2.0921,-0.0586,red,,,,,true,true,14
KHC,XLP,2,none,n/a,,0,-0.9064,0.4897,green,,,,,true,true,19
KMB,XLP,2,none,n/a,,0,-6.0103,1.6629,red,,,,,true,true,8
MDT,XLV,2,none,n/a,,0,-13.7935,-2.8060,red,,,,,true,false,17
SYK,XLV,2,none,n/a,,0,-42.1690,-8.8597,red,,,,,true,false,27
ZTS,XLV,2,none,n/a,,0,-24.5822,-9.4620,red,,,,,true,false,6
ISRG,XLV,2,none,n/a,,0,-52.2594,-7.5545,red,,,,,true,false,19
SHW,XLB,2,none,n/a,,0,-16.5533,-4.8214,red,,,,,true,true,21
RPM,XLB,2,none,n/a,,0,-5.7811,-0.6512,red,,,,,true,false,19
HD,XLY,2,none,n/a,,0,-36.8889,-3.3172,red,,,,,true,false,13
NKE,XLY,2,none,n/a,,0,-14.9134,0.7251,green,,,,,true,false,5
LOW,XLY,2,none,n/a,,0,-15.4644,-4.7761,red,,,,,true,false,11
LEN,XLY,2,none,n/a,,0,-20.1529,1.3484,red,,,,,true,false,7
CRM,XLK,2,none,n/a,,0,-38.3878,3.6553,green,,,,,true,false,8
CMCSA,XLC,2,none,n/a,,0,-2.0447,-0.7670,red,,,,,true,false,16
CHTR,XLC,2,none,n/a,,0,-45.3940,-21.7010,red,,,,,true,false,2
OMC,XLC,2,none,n/a,,0,-1.5639,-0.6103,red,,,,,true,false,23
TTD,XLC,2,none,n/a,,0,-11.1684,1.5573,red,,,,,true,false,2
WY,XLRE,2,none,n/a,,0,-0.1211,-0.2620,red,,,,,true,true,21
REGN,IBB,2,none,n/a,,0,-17.1341,-35.7269,red,,,,,true,false,22
MRNA,IBB,2,none,n/a,,0,11.0253,-1.9254,red,,,,,true,false,18
PCVX,XBI,2,none,n/a,,0,4.4105,-3.9241,red,,,,,true,false,20
SO,XLU,1,none,n/a,,0,1.4689,-0.5124,green,85,6.6,-1.7,11.8,false,true,89
WEC,XLU,1,none,n/a,,0,1.4631,-1.4155,red,80.4,4.13,-3,12.4,false,true,93
SRE,XLU,1,none,n/a,,0,0.5447,-1.8125,green,79.5,4.89,-3,15.6,false,true,82
DUK,XLU,1,none,n/a,,0,1.3283,-1.9359,green,79.2,3.42,-4.9,18.4,false,true,84
AEE,XLU,1,none,n/a,,0,4.0709,-1.2908,red,78,4.12,-3.1,14.7,false,true,95
NEE,XLU,1,none,n/a,,0,5.8681,-1.2613,red,77.1,3.82,-4.2,14.6,false,true,75
ED,XLU,1,none,n/a,,0,2.9513,-2.0555,green,76.4,4,-2.4,10.8,false,true,81
HON,XLI,1,none,n/a,,0,1.2127,-4.1984,green,75,4.8,-4.5,12.1,false,true,79
DE,XLI,1,none,n/a,,0,39.1704,-15.0876,red,74.5,6.09,-4.3,11.7,false,true,59
COST,XLP,1,none,n/a,,0,62.9068,7.8513,green,74.4,4.39,-4.2,11.6,false,true,86
ETR,XLU,1,none,n/a,,0,11.1301,-1.9694,red,74.4,3.61,-3.5,13.2,false,false,94
MO,XLP,1,none,n/a,,0,6.5767,2.0177,green,69.4,2.8,-4.1,11.2,false,false,98
AES,XLU,2,none,n/a,,0,-0.0181,-0.0337,green,,,,,false,true,60
ATO,XLU,2,none,n/a,,0,5.9711,-3.0270,red,,,,,false,true,84
AWK,XLU,2,none,n/a,,0,-4.1409,-2.5446,red,,,,,false,true,32
CNP,XLU,2,none,n/a,,0,1.7903,-0.5035,red,,,,,false,true,95
D,XLU,2,none,n/a,,0,2.1443,0.6493,green,,,,,false,true,100
EIX,XLU,2,none,n/a,,0,4.7822,-2.0236,green,,,,,false,true,73
ES,XLU,2,none,n/a,,0,-1.2919,-0.1397,green,,,,,false,true,80
EXC,XLU,2,none,n/a,,0,-0.6329,-1.0650,green,,,,,false,true,80
FE,XLU,2,none,n/a,,0,-0.8483,-1.9946,green,,,,,false,true,71
LNT,XLU,2,none,n/a,,0,3.4844,-0.3042,green,,,,,false,true,100
NI,XLU,2,none,n/a,,0,2.6642,-0.4580,red,,,,,false,true,98
NRG,XLU,2,none,n/a,,0,-13.6410,-7.6001,red,,,,,false,false,63
PCG,XLU,2,none,n/a,,0,-0.1688,-0.6032,green,,,,,false,true,39
PPL,XLU,2,none,n/a,,0,0.2238,-1.0448,red,,,,,false,true,76
XEL,XLU,2,none,n/a,,0,1.0659,-0.3689,green,,,,,false,true,95
AME,XLI,2,none,n/a,,0,17.3260,-2.8048,red,,,,,false,true,84
BA,XLI,2,none,n/a,,0,8.9752,1.6718,red,,,,,false,false,71
CAT,XLI,2,none,n/a,,0,193.1519,17.3620,red,,,,,false,false,97
EMR,XLI,2,none,n/a,,0,0.5065,-2.1131,red,,,,,false,false,69
ETN,XLI,2,none,n/a,,0,41.9836,-1.1632,red,,,,,false,false,82
FDX,XLI,2,none,n/a,,0,58.3269,-8.9009,red,,,,,false,true,100
GE,XLI,2,none,n/a,,0,-13.0636,-0.7745,green,,,,,false,true,79
GWW,XLI,2,none,n/a,,0,137.3434,18.8067,red,,,,,false,false,94
ITW,XLI,2,none,n/a,,0,-2.8540,-5.6072,red,,,,,false,true,41
MMM,XLI,2,none,n/a,,0,-10.8329,-0.5944,red,,,,,false,true,75
PH,XLI,2,none,n/a,,0,8.4465,-42.8620,red,,,,,false,true,71
UNP,XLI,2,none,n/a,,0,24.2409,3.4963,red,,,,,false,true,91
UPS,XLI,2,none,n/a,,0,0.6397,-2.5719,red,,,,,false,true,45
WAB,XLI,2,none,n/a,,0,30.7810,-2.8858,red,,,,,false,true,89
CL,XLP,2,none,n/a,,0,2.5839,1.2334,green,,,,,false,true,53
K,XLP,2,none,n/a,,0,2.1603,0.0790,red,,,,,false,true,100
KO,XLP,2,none,n/a,,0,4.7103,0.7777,green,,,,,false,true,100
MDLZ,XLP,2,none,n/a,,0,2.1235,1.5985,green,,,,,false,true,47
PEP,XLP,2,none,n/a,,0,1.5814,-2.2670,red,,,,,false,true,59
PM,XLP,2,none,n/a,,0,8.6512,7.0872,green,,,,,false,false,99
SYY,XLP,2,none,n/a,,0,-3.8131,0.1740,green,,,,,false,false,41
TSN,XLP,2,none,n/a,,0,5.3351,-0.0166,red,,,,,false,false,81
WMT,XLP,2,none,n/a,,0,11.0676,-0.8076,red,,,,,false,true,81
APA,XLE,2,none,n/a,,0,8.4566,-0.5982,green,,,,,false,false,82
BKR,XLE,2,none,n/a,,0,10.4255,0.5616,red,,,,,false,false,93
COP,XLE,2,none,n/a,,0,15.2360,-2.1984,green,,,,,false,false,75
CVX,XLE,2,none,n/a,,0,15.7486,-1.7517,green,,,,,false,false,78
FANG,XLE,2,none,n/a,,0,31.1754,2.1873,green,,,,,false,true,93
HAL,XLE,2,none,n/a,,0,7.8625,0.3774,green,,,,,false,false,99
HES,XLE,2,none,n/a,,0,3.6600,4.0277,red,,,,,false,false,69
MPC,XLE,2,none,n/a,,0,37.9129,7.1240,green,,,,,false,false,100
MRO,XLE,2,none,n/a,,0,0.0821,0.1984,green,,,,,false,true,91
OKE,XLE,2,none,n/a,,0,9.5643,0.8503,green,,,,,false,true,68
OXY,XLE,2,none,n/a,,0,8.7435,-0.4398,green,,,,,false,false,77
PSX,XLE,2,none,n/a,,0,19.9042,2.6446,green,,,,,false,false,90
SLB,XLE,2,none,n/a,,0,9.9570,0.0685,red,,,,,false,false,100
VLO,XLE,2,none,n/a,,0,42.0970,0.5754,green,,,,,false,true,96
WMB,XLE,2,none,n/a,,0,7.7249,1.0177,green,,,,,false,true,100
XOM,XLE,2,none,n/a,,0,15.6260,-1.7429,green,,,,,false,false,79
JPM,XLF,2,none,n/a,,0,0.5067,1.0352,red,,,,,false,true,85
BAC,XLF,2,none,n/a,,0,-0.1777,0.0161,red,,,,,false,true,80
WFC,XLF,2,none,n/a,,0,-6.8317,-1.9893,red,,,,,false,true,58
GS,XLF,2,none,n/a,,0,70.5359,19.7574,red,,,,,false,false,100
MS,XLF,2,none,n/a,,0,18.1522,5.1738,red,,,,,false,false,100
BLK,XLF,2,none,n/a,,0,-0.3570,34.0132,red,,,,,false,false,80
AXP,XLF,2,none,n/a,,0,-23.3929,1.2942,red,,,,,false,true,57
COF,XLF,2,none,n/a,,0,-19.7423,0.5530,red,,,,,false,false,49
USB,XLF,2,none,n/a,,0,2.6976,-0.1958,red,,,,,false,true,79
TFC,XLF,2,none,n/a,,0,1.4824,-0.1063,red,,,,,false,true,72
PNC,XLF,2,none,n/a,,0,11.0474,-0.3163,red,,,,,false,true,79
SCHW,XLF,2,none,n/a,,0,-4.7851,-1.3893,red,,,,,false,true,68
CB,XLF,2,none,n/a,,0,15.0885,-3.9317,green,,,,,false,true,87
MET,XLF,2,none,n/a,,0,2.0034,2.8224,red,,,,,false,false,98
PRU,XLF,2,none,n/a,,0,-4.4107,1.5472,red,,,,,false,true,42
AIG,XLF,2,none,n/a,,0,-1.2108,0.1850,red,,,,,false,true,49
AFL,XLF,2,none,n/a,,0,3.8255,1.5433,red,,,,,false,true,100
ALL,XLF,2,none,n/a,,0,9.4340,1.8425,red,,,,,false,true,99
ICE,XLF,2,none,n/a,,0,-3.1686,-1.6413,red,,,,,false,true,41
CME,XLF,2,none,n/a,,0,3.6032,-3.6990,green,,,,,false,true,84
JNJ,XLV,2,none,n/a,,0,9.8062,-7.5463,green,,,,,false,true,87
UNH,XLV,2,none,n/a,,0,43.6987,32.4550,red,,,,,false,false,43
LLY,XLV,2,none,n/a,,0,-16.6782,12.9240,green,,,,,false,false,97
ABBV,XLV,2,none,n/a,,0,-14.3398,0.6491,green,,,,,false,true,80
MRK,XLV,2,none,n/a,,0,7.1385,-3.8447,green,,,,,false,true,98
BMY,XLV,2,none,n/a,,0,3.7062,-1.2985,green,,,,,false,true,91
PFE,XLV,2,none,n/a,,0,0.2576,-0.7046,red,,,,,false,true,75
AMGN,XLV,2,none,n/a,,0,-1.2749,-10.3860,red,,,,,false,true,66
GILD,XLV,2,none,n/a,,0,1.1735,-3.7964,red,,,,,false,true,79
CVS,XLV,2,none,n/a,,0,7.6512,5.5601,green,,,,,false,false,95
CI,XLV,2,none,n/a,,0,6.3298,7.1001,red,,,,,false,true,40
HUM,XLV,2,none,n/a,,0,23.0794,37.1750,green,,,,,false,false,66
ELV,XLV,2,none,n/a,,0,32.5742,27.3366,green,,,,,false,false,46
BDX,XLV,2,none,n/a,,0,-29.8821,-1.5401,red,,,,,false,true,32
LIN,XLB,2,none,n/a,,0,44.4718,2.4999,red,,,,,false,true,100
APD,XLB,2,none,n/a,,0,26.6547,1.0679,red,,,,,false,true,60
ECL,XLB,2,none,n/a,,0,-12.4911,-5.4158,red,,,,,false,true,33
FCX,XLB,2,none,n/a,,0,7.8634,-2.0206,red,,,,,false,false,80
NEM,XLB,2,none,n/a,,0,8.0678,-2.4703,red,,,,,false,false,76
NUE,XLB,2,none,n/a,,0,50.6502,13.7495,red,,,,,false,false,100
VMC,XLB,2,none,n/a,,0,-8.2955,-2.2323,red,,,,,false,true,39
MLM,XLB,2,none,n/a,,0,-31.2350,-11.5333,red,,,,,false,false,34
DOW,XLB,2,none,n/a,,0,8.8452,-1.0600,red,,,,,false,false,51
LYB,XLB,2,none,n/a,,0,15.9579,-1.7606,green,,,,,false,false,62
EMN,XLB,2,none,n/a,,0,5.3238,-0.5538,red,,,,,false,false,36
PPG,XLB,2,none,n/a,,0,0.6998,-0.8220,red,,,,,false,false,38
ALB,XLB,2,none,n/a,,0,40.8003,-4.2133,red,,,,,false,false,79
IFF,XLB,2,none,n/a,,0,4.3240,0.5796,red,,,,,false,false,38
CF,XLB,2,none,n/a,,0,23.8031,-2.4132,green,,,,,false,false,79
STLD,XLB,2,none,n/a,,0,48.4520,12.5574,red,,,,,false,false,100
RS,XLB,2,none,n/a,,0,51.0805,15.5051,red,,,,,false,false,99
AMZN,XLY,2,none,n/a,,0,34.0835,13.2231,red,,,,,false,false,94
TSLA,XLY,2,none,n/a,,0,-14.7790,18.0864,green,,,,,false,false,82
MCD,XLY,2,none,n/a,,0,-20.7662,-9.2261,red,,,,,false,false,42
SBUX,XLY,2,none,n/a,,0,11.7521,3.1586,red,,,,,false,false,79
TJX,XLY,2,none,n/a,,0,1.3981,-3.0756,green,,,,,false,true,95
GM,XLY,2,none,n/a,,0,1.9429,-0.9628,red,,,,,false,true,88
F,XLY,2,none,n/a,,0,-0.1776,0.3699,green,,,,,false,false,100
ORLY,XLY,2,none,n/a,,0,-2.1397,0.6569,red,,,,,false,true,64
AZO,XLY,2,none,n/a,,0,-146.8030,39.1440,red,,,,,false,true,41
ROST,XLY,2,none,n/a,,0,32.8850,-3.5719,red,,,,,false,true,100
YUM,XLY,2,none,n/a,,0,1.9158,-2.2670,red,,,,,false,true,73
DHI,XLY,2,none,n/a,,0,-2.4154,2.0936,red,,,,,false,false,36
PHM,XLY,2,none,n/a,,0,-4.4574,-0.8164,red,,,,,false,true,42
DRI,XLY,2,none,n/a,,0,3.0415,0.6093,red,,,,,false,true,82
MAR,XLY,2,none,n/a,,0,42.6947,-0.8763,red,,,,,false,false,95
NVDA,XLK,2,none,n/a,,0,24.2854,11.3919,red,,,,,false,false,92
AAPL,XLK,2,none,n/a,,0,19.5036,11.9535,green,,,,,false,false,100
MSFT,XLK,2,none,n/a,,0,-31.2050,19.1380,red,,,,,false,false,38
AVGO,XLK,2,none,n/a,,0,61.9883,22.8882,red,,,,,false,false,95
MU,XLK,2,none,n/a,,0,263.0473,85.9523,green,,,,,false,false,100
AMD,XLK,2,none,n/a,,0,141.5125,58.7088,green,,,,,false,false,100
CSCO,XLK,2,none,n/a,,0,19.3538,7.7132,green,,,,,false,false,100
LRCX,XLK,2,none,n/a,,0,69.6270,6.0451,red,,,,,false,false,100
AMAT,XLK,2,none,n/a,,0,102.6125,4.8178,red,,,,,false,false,99
INTC,XLK,2,none,n/a,,0,50.2110,17.1890,red,,,,,false,false,95
ORCL,XLK,2,none,n/a,,0,-12.7038,20.5606,red,,,,,false,false,40
TXN,XLK,2,none,n/a,,0,81.3377,28.3778,red,,,,,false,false,100
KLAC,XLK,2,none,n/a,,0,403.7305,23.0810,red,,,,,false,false,97
ADI,XLK,2,none,n/a,,0,97.9059,18.6974,red,,,,,false,false,92
APH,XLK,2,none,n/a,,0,0.1890,-3.1682,red,,,,,false,false,77
ANET,XLK,2,none,n/a,,0,17.9999,3.3398,red,,,,,false,false,80
QCOM,XLK,2,none,n/a,,0,27.3859,29.6547,green,,,,,false,false,100
META,XLC,2,none,n/a,,0,-21.2793,8.3273,red,,,,,false,false,46
GOOGL,XLC,2,none,n/a,,0,65.0864,23.4910,red,,,,,false,false,93
GOOG,XLC,2,none,n/a,,0,62.4626,23.0881,red,,,,,false,false,93
DIS,XLC,2,none,n/a,,0,-2.5486,2.6668,red,,,,,false,false,50
TTWO,XLC,2,none,n/a,,0,-6.5357,12.0406,green,,,,,false,false,71
SATS,XLC,2,none,n/a,,0,22.6729,-1.4757,red,,,,,false,false,89
LYV,XLC,2,none,n/a,,0,10.5079,2.6165,red,,,,,false,true,90
EA,XLC,2,none,n/a,,0,-0.2771,-2.3015,red,,,,,false,true,96
NFLX,XLC,2,none,n/a,,0,-221.3375,61.9408,red,,,,,false,false,38
WBD,XLC,2,none,n/a,,0,1.1442,-0.6670,green,,,,,false,true,87
VZ,XLC,2,none,n/a,,0,2.8923,-0.3678,green,,,,,false,true,86
TKO,XLC,2,none,n/a,,0,-9.1747,-0.8127,green,,,,,false,true,74
FOXA,XLC,2,none,n/a,,0,-0.2213,1.1186,red,,,,,false,true,76
NWSA,XLC,2,none,n/a,,0,0.6509,0.7940,red,,,,,false,true,43
WELL,XLRE,2,none,n/a,,0,16.8392,1.5829,red,,,,,false,true,100
PLD,XLRE,2,none,n/a,,0,10.8910,0.8919,red,,,,,false,true,100
EQIX,XLRE,2,none,n/a,,0,197.0541,3.8514,red,,,,,false,false,94
AMT,XLRE,2,none,n/a,,0,-2.4509,1.3967,red,,,,,false,true,31
DLR,XLRE,2,none,n/a,,0,22.8111,1.0061,red,,,,,false,false,83
SPG,XLRE,2,none,n/a,,0,13.5046,2.0741,red,,,,,false,true,97
CBRE,XLRE,2,none,n/a,,0,-10.4577,-0.4315,red,,,,,false,false,53
PSA,XLRE,2,none,n/a,,0,16.4490,4.3590,red,,,,,false,false,60
O,XLRE,2,none,n/a,,0,2.0815,-0.3920,red,,,,,false,true,77
VTR,XLRE,2,none,n/a,,0,6.4116,0.4589,green,,,,,false,true,100
CCI,XLRE,2,none,n/a,,0,-0.0705,2.0939,red,,,,,false,true,41
IRM,XLRE,2,none,n/a,,0,22.7261,5.8391,red,,,,,false,false,96
VICI,XLRE,2,none,n/a,,0,-0.4781,0.4448,red,,,,,false,true,47
EXR,XLRE,2,none,n/a,,0,2.8137,1.8066,red,,,,,false,true,40
AVB,XLRE,2,none,n/a,,0,3.1288,6.9034,red,,,,,false,false,42
SBAC,XLRE,2,none,n/a,,0,17.8528,0.9647,red,,,,,false,false,55
EQR,XLRE,2,none,n/a,,0,2.6160,1.9042,red,,,,,false,true,58
ESS,XLRE,2,none,n/a,,0,8.4312,8.1758,green,,,,,false,false,66
KIM,XLRE,2,none,n/a,,0,1.8012,0.1172,red,,,,,false,true,99
VRTX,IBB,2,none,n/a,,0,-12.1822,-5.0652,green,,,,,false,true,45
ALNY,IBB,2,none,n/a,,0,-75.8611,-2.1803,red,,,,,false,true,45
ARGX,IBB,2,none,n/a,,0,-11.4708,7.5391,red,,,,,false,false,79
INSM,IBB,2,none,n/a,,0,-37.5978,-14.0696,red,,,,,false,false,34
BIIB,IBB,2,none,n/a,,0,14.4911,2.8385,green,,,,,false,true,67
NTRA,IBB,2,none,n/a,,0,-8.1254,-2.4047,red,,,,,false,true,71
UTHR,IBB,2,none,n/a,,0,73.4573,-9.0591,red,,,,,false,false,94
RVMD,IBB,2,none,n/a,,0,50.8117,6.8354,red,,,,,false,false,100
ONC,IBB,2,none,n/a,,0,-17.1767,0.4800,red,,,,,false,false,75
INCY,IBB,2,none,n/a,,0,-0.3602,0.1879,red,,,,,false,true,78
ILMN,IBB,2,none,n/a,,0,10.7427,3.3682,green,,,,,false,false,92
ROIV,IBB,2,none,n/a,,0,4.9697,-0.4598,green,,,,,false,true,100
GMAB,IBB,2,none,n/a,,0,-3.0459,-0.3624,red,,,,,false,true,53
NBIX,IBB,2,none,n/a,,0,4.3476,7.9779,green,,,,,false,false,97
IONS,IBB,2,none,n/a,,0,-1.3881,-0.5827,red,,,,,false,true,82
BBIO,IBB,2,none,n/a,,0,1.0669,-3.3402,red,,,,,false,false,83
APLS,XBI,2,none,n/a,,0,15.0847,3.4570,red,,,,,false,false,96
TVTX,XBI,2,none,n/a,,0,9.7381,3.3405,red,,,,,false,false,100
TGTX,XBI,2,none,n/a,,0,5.8492,1.9666,red,,,,,false,false,83
ARWR,XBI,2,none,n/a,,0,15.0769,1.8743,red,,,,,false,false,97
SMMT,XBI,2,none,n/a,,0,1.1231,-0.9223,red,,,,,false,false,38
TWST,XBI,2,none,n/a,,0,15.8772,0.0246,red,,,,,false,false,99
ERAS,XBI,2,none,n/a,,0,4.8419,-2.8124,red,,,,,false,false,50
ALKS,XBI,2,none,n/a,,0,3.9904,0.8041,red,,,,,false,false,95
MDGL,XBI,2,none,n/a,,0,18.3257,-6.7731,red,,,,,false,false,79
APGE,XBI,2,none,n/a,,0,12.7407,-4.1379,red,,,,,false,false,82
BEAM,XBI,2,none,n/a,,0,2.4789,0.6537,red,,,,,false,false,75
PRAX,XBI,2,none,n/a,,0,69.3962,-10.8933,red,,,,,false,false,100
CRSP,XBI,2,none,n/a,,0,-3.6585,0.3418,red,,,,,false,false,44
EXEL,XBI,2,none,n/a,,0,4.0790,1.1660,green,,,,,false,false,100
SRRK,XBI,2,none,n/a,,0,5.0656,-0.9615,red,,,,,false,false,96
NUVL,XBI,2,none,n/a,,0,2.8529,-1.4828,red,,,,,false,true,83
KYMR,XBI,2,none,n/a,,0,8.2458,-2.8922,red,,,,,false,true,82
PTGX,XBI,2,none,n/a,,0,12.6252,-2.6541,red,,,,,false,true,91